Layer,Zoning,Brand_Slug,Total_Products,Sport_Pct,Apparel_Pct,Acc_Pct,Category_Count,Top_Count,Outer_Count,Bottom_Count,Dress_Count,Bag_Count,Shoes_Count,Categories,Selected(Y/N),Notes
Layer 1,캐주얼/스트리트,musinsastandard,1346,1.3,847.7,174.8,7,2586,5431,3393,0,1389,341,"가방, 바지, 상의, 스포츠/레저, 신발, 아우터, 패션소품",y,
Layer 1,디자이너/컨템,musinsastandardwoman,1077,2.6,848.3,17.7,7,1434,2690,1555,3457,137,0,"가방, 바지, 상의, 스포츠/레저, 아우터, 원피스/스커트, 패션소품",y,
Layer 2,SPA/매스,8seconds,291,5.5,297.3,8.9,8,60,225,28,552,1,2,"가방, 바지, 상의, 스포츠/레저, 신발, 아우터, 원피스/스커트, 패션소품",y,
Layer 2,SPA/매스,spao,203,6.9,638.9,61.1,8,248,859,112,78,81,9,"가방, 바지, 상의, 스포츠/레저, 신발, 아우터, 원피스/스커트, 패션소품",y,
Layer 2,SPA/매스,mixxo,200,0,443,101.5,7,107,411,92,276,151,18,"가방, 바지, 상의, 신발, 아우터, 원피스/스커트, 패션소품",y,
Layer 1,디자이너/컨템,travel,194,0,663.9,19.1,5,328,881,59,20,37,0,"가방, 바지, 상의, 아우터, 원피스/스커트",y,
Layer 1,캐주얼/스트리트,trillion,189,0,1407.9,6.9,4,872,1347,442,0,13,0,"가방, 바지, 상의, 아우터",y,
Layer 1,캐주얼/스트리트,dimitriblack,187,0,1577,0.5,4,591,1481,877,0,0,0,"바지, 상의, 아우터, 패션소품",y,
Layer 1,디자이너/컨템,generalideastandard,186,0,630.1,26.3,6,141,575,2,454,9,0,"가방, 바지, 상의, 아우터, 원피스/스커트, 패션소품",y,
Layer 1,디자이너/컨템,marithefrancoisgirbaud,155,0,156.1,531.6,7,53,140,11,38,626,5,"가방, 바지, 상의, 신발, 아우터, 원피스/스커트, 패션소품",y,
Layer 1,디자이너/컨템,matinkim,147,11.6,159.9,554.4,6,41,192,0,2,665,0,"가방, 상의, 스포츠/레저, 아우터, 원피스/스커트, 패션소품",y,
Layer 2,글로벌 캐주얼,lee,146,0.7,461.6,289.7,8,80,350,178,66,292,20,"가방, 바지, 상의, 스포츠/레저, 신발, 아우터, 원피스/스커트, 패션소품",y,
Layer 1,캐주얼/스트리트,thisisneverthat,134,2.2,613.4,374.6,6,286,524,12,0,284,0,"가방, 바지, 상의, 스포츠/레저, 아우터, 패션소품",y,
Layer 1,디자이너/컨템,mucent,133,13.5,583.5,750.4,8,234,315,177,50,819,3,"가방, 바지, 상의, 스포츠/레저, 신발, 아우터, 원피스/스커트, 패션소품",y,
Layer 1,캐주얼/스트리트,toffee,133,0,849.6,31.6,4,137,556,437,0,42,0,"가방, 바지, 상의, 아우터",y,
Layer 1,캐주얼/스트리트,drawfit,131,18.3,866.4,133.6,6,342,645,148,0,173,0,"가방, 바지, 상의, 스포츠/레저, 아우터, 패션소품",y,
Layer 2,글로벌 캐주얼,mlb,125,12.8,67.2,951.2,6,0,76,0,8,21,181,"가방, 스포츠/레저, 신발, 아우터, 원피스/스커트, 패션소품",n,
Layer 1,디자이너/컨템,placestudio,121,33.1,1043.8,0,5,164,665,58,376,0,0,"바지, 상의, 스포츠/레저, 아우터, 원피스/스커트",y,
Layer 1,디자이너/컨템,codegraphy,117,1.7,847,30.8,7,89,821,77,4,3,0,"가방, 바지, 상의, 스포츠/레저, 아우터, 원피스/스커트, 패션소품",n,
Layer 1,캐주얼/스트리트,espionage,114,0,1012.3,116.7,4,15,1103,36,0,0,0,"바지, 상의, 아우터, 패션소품",y,
Layer 1,캐주얼/스트리트,untapped,106,0,2250.9,0,3,1113,529,744,0,0,0,"바지, 상의, 아우터",y,
Layer 1,캐주얼/스트리트,covernat,105,0,544.8,340,6,158,413,1,0,262,61,"가방, 바지, 상의, 신발, 아우터, 패션소품",y,
Layer 1,디자이너/컨템,sculptor,101,5,307.9,178.2,7,141,84,22,64,168,0,"가방, 바지, 상의, 스포츠/레저, 아우터, 원피스/스커트, 패션소품",y,
Layer 1,캐주얼/스트리트,filluminate,101,0,1180.2,0,3,386,543,263,0,0,0,"바지, 상의, 아우터",y,
Layer 1,디자이너/컨템,ladyvolume,90,21.1,498.9,6.7,7,1,295,3,150,2,0,"가방, 바지, 상의, 스포츠/레저, 아우터, 원피스/스커트, 패션소품",y,
Layer 2,글로벌 캐주얼,jeep,90,1.1,1600,14.4,6,852,580,8,0,5,0,"가방, 바지, 상의, 스포츠/레저, 아우터, 패션소품",y,
Layer 1,캐주얼/스트리트,secondmonolgue,90,0,655.6,0,3,122,424,44,0,0,0,"바지, 상의, 아우터",y,
Layer 1,디자이너/컨템,flareup,86,0,707,195.3,5,122,136,66,284,0,0,"바지, 상의, 아우터, 원피스/스커트, 패션소품",y,
Layer 1,캐주얼/스트리트,maninstore,85,0,1209.4,0,3,268,712,48,0,0,0,"바지, 상의, 아우터",n,
Layer 1,디자이너/컨템,avan,84,6,677.4,53.6,6,91,72,148,258,0,0,"바지, 상의, 스포츠/레저, 아우터, 원피스/스커트, 패션소품",y,
Layer 2,SPA/매스,giordano,81,28.4,574.1,27.2,6,210,113,134,8,22,0,"가방, 바지, 상의, 스포츠/레저, 아우터, 원피스/스커트",y,
Layer 1,캐주얼/스트리트,brenson,80,0,1673.8,0,3,687,225,427,0,0,0,"바지, 상의, 아우터",n,
Layer 2,글로벌 캐주얼,dickies,79,0,1208.9,113.9,5,28,156,771,0,58,0,"가방, 바지, 상의, 아우터, 패션소품",y,
Layer 1,디자이너/컨템,excontainer,78,0,782.1,76.9,5,83,351,164,12,60,0,"가방, 바지, 상의, 아우터, 원피스/스커트",n,
Layer 1,캐주얼/스트리트,outstanding,78,0,829.5,5.1,5,19,547,81,0,2,0,"가방, 바지, 상의, 아우터, 패션소품",y,
Layer 1,캐주얼/스트리트,v2,76,0,839.5,38.2,4,17,606,15,0,0,0,"바지, 상의, 아우터, 패션소품",y,
Layer 1,디자이너/컨템,partimentowomen,74,0,518.9,20.3,5,67,28,19,270,15,0,"가방, 바지, 상의, 아우터, 원피스/스커트",y,
Layer 1,캐주얼/스트리트,aakam,73,2.7,749.3,454.8,6,32,371,144,0,52,0,"가방, 바지, 상의, 스포츠/레저, 아우터, 패션소품",y,
Layer 1,디자이너/컨템,thebarnnet,70,0,250,78.6,7,26,58,47,44,44,4,"가방, 바지, 상의, 신발, 아우터, 원피스/스커트, 패션소품",y,
Layer 1,캐주얼/스트리트,bronson,69,0,1271,15.9,5,608,202,67,0,8,0,"가방, 바지, 상의, 아우터, 패션소품",y,
Layer 1,캐주얼/스트리트,mindbridge,69,0,902.9,13,4,290,290,43,0,9,0,"가방, 바지, 상의, 아우터",y,
Layer 1,캐주얼/스트리트,lemainsecond,69,0,2281.2,0,3,570,280,724,0,0,0,"바지, 상의, 아우터",n,
Layer 1,캐주얼/스트리트,doffjason,67,0,1103,113.4,3,0,739,0,0,63,13,"가방, 신발, 아우터",y,
Layer 1,캐주얼/스트리트,signature,66,0,1731.8,0,3,83,200,860,0,0,0,"바지, 상의, 아우터",n,
Layer 1,디자이너/컨템,thecoldestmoment,64,0,571.9,367.2,6,62,167,121,16,163,0,"가방, 바지, 상의, 아우터, 원피스/스커트, 패션소품",y,
Layer 1,캐주얼/스트리트,ghostrepublic,64,0,957.8,0,3,360,49,204,0,0,0,"바지, 상의, 아우터",n,
Layer 1,캐주얼/스트리트,hyojinoriko,64,0,757.8,167.2,4,133,235,117,0,107,0,"가방, 바지, 상의, 아우터",y,
Layer 1,디자이너/컨템,misekiseoul,62,0,490.3,172.6,6,31,12,57,204,75,0,"가방, 바지, 상의, 아우터, 원피스/스커트, 패션소품",y,
Layer 1,디자이너/컨템,hugyourskin,62,0,445.2,135.5,6,11,71,4,190,4,0,"가방, 바지, 상의, 아우터, 원피스/스커트, 패션소품",y,
Layer 1,캐주얼/스트리트,takeasy,62,0,822.6,0,3,309,186,15,0,0,0,"바지, 상의, 아우터",n,
Layer 1,디자이너/컨템,costumeoclock,61,0,1103.3,0,4,82,410,109,72,0,0,"바지, 상의, 아우터, 원피스/스커트",y,
Layer 1,디자이너/컨템,someplace,61,0,1080.3,0,4,48,342,167,102,0,0,"바지, 상의, 아우터, 원피스/스커트",y,
Layer 1,캐주얼/스트리트,brownbreath,60,5,478.3,115,6,239,39,9,0,5,0,"가방, 바지, 상의, 스포츠/레저, 아우터, 패션소품",y,
Layer 1,디자이너/컨템,whoau,59,0,652.5,18.6,6,31,308,34,12,7,0,"가방, 바지, 상의, 아우터, 원피스/스커트, 패션소품",y,스트리트워크웨어
Layer 1,캐주얼/스트리트,suare,58,0,2027.6,0,3,750,353,73,0,0,0,"바지, 상의, 아우터",y,
Layer 1,디자이너/컨템,illigo,58,0,534.5,206.9,6,38,171,13,88,62,0,"가방, 바지, 상의, 아우터, 원피스/스커트, 패션소품",y,
Layer 1,디자이너/컨템,leathery,57,0,628.1,612.3,6,29,228,85,16,265,0,"가방, 바지, 상의, 아우터, 원피스/스커트, 패션소품",y,
Layer 1,캐주얼/스트리트,wkndrs,57,0,601.8,80.7,4,18,256,69,0,0,0,"바지, 상의, 아우터, 패션소품",y,
Layer 1,캐주얼/스트리트,tansanmagnesium,55,0,512.7,440,5,221,50,11,0,19,0,"가방, 바지, 상의, 아우터, 패션소품",y,
Layer 1,캐주얼/스트리트,urbandtype,55,0,874.5,16.4,5,41,251,189,0,3,0,"가방, 바지, 상의, 아우터, 패션소품",y,
Layer 1,디자이너/컨템,pleasenofollow,55,3.6,381.8,0,5,130,12,16,52,0,0,"바지, 상의, 스포츠/레저, 아우터, 원피스/스커트",y,
Layer 1,캐주얼/스트리트,frizmworks,54,0,1016.7,0,2,1,548,0,0,0,0,"상의, 아우터",y,
Layer 1,캐주얼/스트리트,coor,54,0,496.3,3.7,4,57,206,5,0,2,0,"가방, 바지, 상의, 아우터",y,
Layer 1,캐주얼/스트리트,millo,53,0,798.1,237.7,5,100,281,42,0,114,0,"가방, 바지, 상의, 아우터, 패션소품",y,
Layer 1,캐주얼/스트리트,1993studio,52,0,628.8,132.7,5,91,221,15,0,23,0,"가방, 바지, 상의, 아우터, 패션소품",y,
Layer 1,디자이너/컨템,chicks,52,0,592.3,153.8,6,135,58,23,92,50,0,"가방, 바지, 상의, 아우터, 원피스/스커트, 패션소품",n,
Layer 1,캐주얼/스트리트,compagno,52,0,848.1,294.2,4,192,247,2,0,0,0,"바지, 상의, 아우터, 패션소품",y,
Layer 1,디자이너/컨템,not4nerd,52,0,544.2,94.2,5,64,190,27,2,0,0,"바지, 상의, 아우터, 원피스/스커트, 패션소품",y,
Layer 1,캐주얼/스트리트,siegfahrenheit,52,0,421.2,0,1,0,219,0,0,0,0,아우터,n,
Layer 1,디자이너/컨템,urago,52,0,650,34.6,5,48,157,15,118,18,0,"가방, 바지, 상의, 아우터, 원피스/스커트",y,
Layer 1,디자이너/컨템,marieclaire,52,0,269.2,78.8,6,35,37,2,66,4,0,"가방, 바지, 상의, 아우터, 원피스/스커트, 패션소품",y,
Layer 1,디자이너/컨템,rolarola,52,5.8,382.7,96.2,7,61,82,16,40,26,0,"가방, 바지, 상의, 스포츠/레저, 아우터, 원피스/스커트, 패션소품",y,
Layer 1,캐주얼/스트리트,nomanual,51,0,441.2,435.3,5,31,193,1,0,28,0,"가방, 바지, 상의, 아우터, 패션소품",y,
Layer 1,캐주얼/스트리트,alyss,51,0,900,268.6,4,171,272,16,0,137,0,"가방, 바지, 상의, 아우터",y,
Layer 1,캐주얼/스트리트,kaneitei,49,0,536.7,412.2,4,215,42,6,0,202,0,"가방, 바지, 상의, 아우터",y,
Layer 2,글로벌 캐주얼,calvinkleinjeans,49,0,120.4,342.9,7,16,31,8,4,81,34,"가방, 바지, 상의, 신발, 아우터, 원피스/스커트, 패션소품",y,
Layer 1,캐주얼/스트리트,partimento,48,0,779.2,118.8,4,5,369,0,0,2,0,"가방, 상의, 아우터, 패션소품",y,
Layer 1,디자이너/컨템,somewherebutter,48,12.5,470.8,327.1,7,2,80,128,16,103,0,"가방, 바지, 상의, 스포츠/레저, 아우터, 원피스/스커트, 패션소품",y,
Layer 2,글로벌 캐주얼,levis,47,0,448.9,31.9,5,2,106,97,6,15,0,"가방, 바지, 상의, 아우터, 원피스/스커트",y,
Layer 1,디자이너/컨템,amesworldwide,47,34,512.8,155.3,7,115,118,6,2,25,0,"가방, 바지, 상의, 스포츠/레저, 아우터, 원피스/스커트, 패션소품",y,
Layer 1,디자이너/컨템,aeae,47,0,204.3,570.2,5,5,37,0,54,40,0,"가방, 상의, 아우터, 원피스/스커트, 패션소품",y,
Layer 1,캐주얼/스트리트,kiimuir,47,0,976.6,0,3,68,375,16,0,0,0,"바지, 상의, 아우터",n,
Layer 1,캐주얼/스트리트,lmood,46,0,558.7,2.2,3,39,218,0,0,1,0,"가방, 상의, 아우터",y,
Layer 1,디자이너/컨템,etreausommet,45,0,446.7,68.9,7,13,57,44,87,5,2,"가방, 바지, 상의, 신발, 아우터, 원피스/스커트, 패션소품",n,
Layer 1,디자이너/컨템,gubin,45,0,313.3,2.2,5,17,97,21,6,0,1,"바지, 상의, 신발, 아우터, 원피스/스커트",n,
Layer 1,캐주얼/스트리트,yale,45,6.7,926.7,148.9,6,177,240,0,0,60,6,"가방, 상의, 스포츠/레저, 신발, 아우터, 패션소품",y,
Layer 1,디자이너/컨템,khakipoint,44,0,695.5,2.3,5,83,102,17,104,1,0,"가방, 바지, 상의, 아우터, 원피스/스커트",y,
Layer 1,디자이너/컨템,letterfrommoon,44,0,515.9,0,3,70,69,0,88,0,0,"상의, 아우터, 원피스/스커트",y,
Layer 1,캐주얼/스트리트,hooves,42,0,1302.4,0,3,211,326,10,0,0,0,"바지, 상의, 아우터",n,
Layer 1,디자이너/컨템,lifework,42,0,326.2,35.7,5,0,45,80,12,3,0,"가방, 바지, 아우터, 원피스/스커트, 패션소품",y,스트리트워크웨어
Layer 1,디자이너/컨템,poloralphlauren,42,26.2,419,195.2,6,75,95,0,6,8,0,"가방, 상의, 스포츠/레저, 아우터, 원피스/스커트, 패션소품",y,
Layer 1,캐주얼/스트리트,againstallodds,41,0,2148.8,0,3,119,330,432,0,0,0,"바지, 상의, 아우터",n,
Layer 1,캐주얼/스트리트,lmc,41,0,404.9,104.9,5,36,120,10,0,4,0,"가방, 바지, 상의, 아우터, 패션소품",y,
Layer 1,캐주얼/스트리트,satur,41,0,463.4,22,4,65,125,0,0,8,0,"가방, 상의, 아우터, 패션소품",y,
Layer 1,디자이너/컨템,vanake,41,0,326.8,2.4,4,0,17,41,76,0,0,"바지, 아우터, 원피스/스커트, 패션소품",n,
Layer 1,디자이너/컨템,penfield,40,12.5,617.5,45,6,0,94,131,22,15,0,"가방, 바지, 스포츠/레저, 아우터, 원피스/스커트, 패션소품",y,스트리트워크웨어
Layer 1,캐주얼/스트리트,leire,40,0,1077.5,0,3,112,232,87,0,0,0,"바지, 상의, 아우터",y,
Layer 1,캐주얼/스트리트,xtonz,40,0,402.5,447.5,5,6,142,13,0,62,0,"가방, 바지, 상의, 아우터, 패션소품",y,
Layer 1,디자이너/컨템,millowomen,40,0,297.5,287.5,4,0,3,8,108,0,0,"바지, 아우터, 원피스/스커트, 패션소품",y,
Layer 1,디자이너/컨템,ason,40,0,425,307.5,6,35,30,33,72,70,0,"가방, 바지, 상의, 아우터, 원피스/스커트, 패션소품",y,
Layer 1,여성 캐주얼,mongdol,39,7.7,635.9,28.2,7,55,126,21,46,0,5,"바지, 상의, 스포츠/레저, 신발, 아우터, 원피스/스커트, 패션소품",y,
Layer 1,캐주얼/스트리트,lettercomo,39,0,1059,0,2,16,397,0,0,0,0,"상의, 아우터",y,
Layer 1,여성 캐주얼,markgonzales,39,0,266.7,279.5,6,6,93,3,2,97,0,"가방, 바지, 상의, 아우터, 원피스/스커트, 패션소품",y,스트리트워크웨어
Layer 1,캐주얼/스트리트,unionblue,38,0,373.7,0,2,100,42,0,0,0,0,"상의, 아우터",y,
Layer 2,글로벌 캐주얼,champion,38,10.5,228.9,165.8,7,9,77,1,0,6,12,"가방, 바지, 상의, 스포츠/레저, 신발, 아우터, 패션소품",y,
Layer 1,캐주얼/스트리트,asp,38,0,478.9,0,3,121,28,33,0,0,0,"바지, 상의, 아우터",y,
Layer 1,여성 캐주얼,badblood,38,42.1,568.4,18.4,6,46,150,18,2,7,0,"가방, 바지, 상의, 스포츠/레저, 아우터, 원피스/스커트",y,
Layer 1,여성 캐주얼,deinet,38,0,92.1,584.2,7,1,11,9,14,144,70,"가방, 바지, 상의, 신발, 아우터, 원피스/스커트, 패션소품",y,
Layer 1,캐주얼/스트리트,graver,37,0,470.3,24.3,5,48,119,7,0,6,0,"가방, 바지, 상의, 아우터, 패션소품",n,
Layer 1,여성 캐주얼,themuseumvisitor,37,0,364.9,356.8,6,21,84,0,30,59,5,"가방, 상의, 신발, 아우터, 원피스/스커트, 패션소품",y,
Layer 1,여성 캐주얼,massimodutti2,37,0,181.1,327,4,14,9,0,44,121,0,"가방, 상의, 아우터, 원피스/스커트",y,layer2 글로벌브랜드로
Layer 1,캐주얼/스트리트,hondaxphyps,37,13.5,1073,0,3,0,340,57,0,0,0,"바지, 스포츠/레저, 아우터",n,
Layer 1,캐주얼/스트리트,left,36,0,897.2,0,2,1,322,0,0,0,0,"상의, 아우터",y,
Layer 1,캐주얼/스트리트,scallywag,36,0,1494.4,0,3,54,23,461,0,0,0,"바지, 상의, 아우터",y,
Layer 1,캐주얼/스트리트,creamsodalab,36,0,1213.9,127.8,4,150,76,211,0,46,0,"가방, 바지, 상의, 아우터",y,
Layer 1,여성 캐주얼,typeservice,35,0,340,648.6,4,13,56,0,50,0,0,"상의, 아우터, 원피스/스커트, 패션소품",y,
Layer 1,여성 캐주얼,niceghostclub,35,0,460,411.4,6,7,93,27,34,38,0,"가방, 바지, 상의, 아우터, 원피스/스커트, 패션소품",y,스트리트워크웨어
Layer 1,여성 캐주얼,nastyfancyclub,35,0,254.3,482.9,6,33,35,11,10,122,0,"가방, 바지, 상의, 아우터, 원피스/스커트, 패션소품",n,
Layer 1,캐주얼/스트리트,jemut,35,0,931.4,0,3,171,146,9,0,0,0,"바지, 상의, 아우터",y,
Layer 1,캐주얼/스트리트,magoodgan,34,0,420.6,117.6,4,0,63,80,0,1,0,"가방, 바지, 아우터, 패션소품",y,
Layer 1,여성 캐주얼,michikolondon,34,5.9,729.4,0,5,39,79,24,106,0,0,"바지, 상의, 스포츠/레저, 아우터, 원피스/스커트",y,
Layer 1,여성 캐주얼,xtonzwoman,34,0,382.4,64.7,5,13,76,33,8,22,0,"가방, 바지, 상의, 아우터, 원피스/스커트",n,
Layer 1,여성 캐주얼,twee,34,0,608.8,14.7,5,7,21,7,172,0,0,"바지, 상의, 아우터, 원피스/스커트, 패션소품",y,
Layer 1,여성 캐주얼,moodinsidewoman,33,0,845.5,0,3,0,199,12,68,0,0,"바지, 아우터, 원피스/스커트",y,
Layer 1,여성 캐주얼,treemingbird,33,0,193.9,45.5,5,8,24,0,32,0,2,"상의, 신발, 아우터, 원피스/스커트, 패션소품",y,
Layer 1,여성 캐주얼,maisonmined,32,0,193.8,534.4,4,39,21,0,2,171,0,"가방, 상의, 아우터, 원피스/스커트",y,스트리트워크웨어
Layer 1,여성 캐주얼,vivacious,32,0,450,71.9,5,23,39,14,68,23,0,"가방, 바지, 상의, 아우터, 원피스/스커트",y,
Layer 1,캐주얼/스트리트,nautica,32,3.1,706.3,115.6,5,22,198,6,0,0,0,"바지, 상의, 스포츠/레저, 아우터, 패션소품",y,
Layer 1,여성 캐주얼,rosefrantz,32,0,656.3,0,4,55,88,1,66,0,0,"바지, 상의, 아우터, 원피스/스커트",y,
Layer 1,여성 캐주얼,noiago,31,0,303.2,893.5,4,0,88,0,6,245,0,"가방, 아우터, 원피스/스커트, 패션소품",y,
Layer 1,캐주얼/스트리트,supersub,31,0,1103.2,0,3,53,282,7,0,0,0,"바지, 상의, 아우터",y,
Layer 1,캐주얼/스트리트,mimthewardrobe,30,0,440,650,4,121,2,9,0,195,0,"가방, 바지, 상의, 아우터",n,
Layer 1,여성 캐주얼,unknownplanet,29,0,906.9,17.2,5,29,4,194,36,5,0,"가방, 바지, 상의, 아우터, 원피스/스커트",n,
Layer 1,캐주얼/스트리트,divein,28,0,539.3,7.1,4,60,76,15,0,2,0,"가방, 바지, 상의, 아우터",y,
Layer 1,기타,nonblank,28,0,607.1,50,2,0,170,0,0,14,0,"가방, 아우터",y,
Layer 1,여성 캐주얼,proudmary,28,0,267.9,0,3,0,14,55,6,0,0,"바지, 아우터, 원피스/스커트",n,
Layer 1,캐주얼/스트리트,waikei,28,0,239.3,182.1,5,10,25,32,0,13,0,"가방, 바지, 상의, 아우터, 패션소품",n,
Layer 1,캐주얼/스트리트,ourdayz,28,0,1289.3,225,3,0,50,311,0,63,0,"가방, 바지, 아우터",y,
Layer 1,여성 캐주얼,bittercells,27,0,570.4,7.4,4,60,86,0,8,2,0,"가방, 상의, 아우터, 원피스/스커트",y,
Layer 1,여성 캐주얼,lowclassic,27,37,166.7,96.3,6,0,31,0,14,18,6,"가방, 스포츠/레저, 신발, 아우터, 원피스/스커트, 패션소품",y,
Layer 1,캐주얼/스트리트,ironypornowhiteline,27,0,588.9,0,3,23,104,32,0,0,0,"바지, 상의, 아우터",n,
Layer 1,캐주얼/스트리트,likethemost,27,0,1177.8,0,3,131,98,89,0,0,0,"바지, 상의, 아우터",n,
Layer 1,캐주얼/스트리트,standarderror,27,0,2474.1,0,3,149,388,131,0,0,0,"바지, 상의, 아우터",n,
Layer 1,여성 캐주얼,gilaarchive,26,0,373.1,192.3,5,34,3,56,4,0,0,"바지, 상의, 아우터, 원피스/스커트, 패션소품",y,
Layer 1,여성 캐주얼,zerostreet,26,7.7,476.9,0,5,17,22,17,68,0,0,"바지, 상의, 스포츠/레저, 아우터, 원피스/스커트",n,
Layer 1,여성 캐주얼,crank,26,0,561.5,253.8,6,9,22,3,112,20,0,"가방, 바지, 상의, 아우터, 원피스/스커트, 패션소품",y,
Layer 1,여성 캐주얼,sincethen,26,0,492.3,0,1,0,0,0,128,0,0,원피스/스커트,n,
Layer 1,여성 캐주얼,moimoii,26,0,380.8,11.5,3,0,87,0,12,0,0,"아우터, 원피스/스커트, 패션소품",n,
Layer 1,캐주얼/스트리트,unionstudio,26,0,950,0,3,108,12,127,0,0,0,"바지, 상의, 아우터",n,
Layer 1,캐주얼/스트리트,branded,26,0,342.3,0,3,14,39,36,0,0,0,"바지, 상의, 아우터",n,
Layer 1,여성 캐주얼,dundrop,26,0,253.8,0,4,4,15,45,2,0,0,"바지, 상의, 아우터, 원피스/스커트",y,
Layer 1,여성 캐주얼,sunburnproject,26,0,403.8,384.6,4,0,30,1,74,100,0,"가방, 바지, 아우터, 원피스/스커트",y,
Layer 1,캐주얼/스트리트,xero,26,0,1250,76.9,4,8,101,216,0,0,0,"바지, 상의, 아우터, 패션소품",n,
Layer 1,기타,wholovesart,26,0,1111.5,0,2,0,31,258,0,0,0,"바지, 아우터",y,
Layer 1,캐주얼/스트리트,coiris,25,0,512,224,4,63,56,9,0,56,0,"가방, 바지, 상의, 아우터",y,여성복
Layer 1,캐주얼/스트리트,stco,25,0,556,16,3,3,136,0,0,4,0,"가방, 상의, 아우터",n,
Layer 1,캐주얼/스트리트,yeseyesee,25,4,568,76,5,2,140,0,0,6,0,"가방, 상의, 스포츠/레저, 아우터, 패션소품",y,
Layer 1,여성 캐주얼,heleneparis,25,0,596,176,7,8,21,96,24,15,13,"가방, 바지, 상의, 신발, 아우터, 원피스/스커트, 패션소품",y,
Layer 1,여성 캐주얼,oheshio,25,0,352,112,4,0,36,0,52,16,0,"가방, 아우터, 원피스/스커트, 패션소품",y,
Layer 1,여성 캐주얼,roem,25,0,456,0,3,2,18,0,94,0,0,"상의, 아우터, 원피스/스커트",n,
Layer 1,기타,insilence,25,0,516,0,1,0,129,0,0,0,0,아우터,y,
Layer 1,여성 캐주얼,tommyjeans,25,0,248,356,3,0,6,0,56,0,0,"아우터, 원피스/스커트, 패션소품",n,
Layer 1,여성 캐주얼,chasecult,25,0,420,4,5,2,66,11,26,0,0,"바지, 상의, 아우터, 원피스/스커트, 패션소품",n,
Layer 1,캐주얼/스트리트,fabregat,25,0,604,116,4,79,55,17,0,29,0,"가방, 바지, 상의, 아우터",y,
Layer 1,캐주얼/스트리트,slowacid,24,0,333.3,275,5,59,17,4,0,49,0,"가방, 바지, 상의, 아우터, 패션소품",y,
Layer 1,캐주얼/스트리트,discusathletic,24,0,925,87.5,5,187,34,1,0,1,0,"가방, 바지, 상의, 아우터, 패션소품",y,
Layer 1,여성 캐주얼,zeroplanet,23,0,613,187,5,40,11,10,80,0,0,"바지, 상의, 아우터, 원피스/스커트, 패션소품",n,
Layer 1,캐주얼/스트리트,idontwannasell,23,0,491.3,995.7,4,0,71,42,0,69,0,"가방, 바지, 아우터, 패션소품",y,
Layer 1,캐주얼/스트리트,goodlifeworks,23,0,1278.3,0,3,21,99,174,0,0,0,"바지, 상의, 아우터",n,
Layer 1,캐주얼/스트리트,fluke,23,0,1095.7,8.7,3,6,246,0,0,0,0,"상의, 아우터, 패션소품",y,
Layer 1,여성 캐주얼,prendafromplant,22,0,622.7,168.2,5,30,98,7,2,37,0,"가방, 바지, 상의, 아우터, 원피스/스커트",n,
Layer 1,여성 캐주얼,youhee,22,0,240.9,18.2,5,11,11,7,24,0,0,"바지, 상의, 아우터, 원피스/스커트, 패션소품",y,
Layer 1,캐주얼/스트리트,saintcrew,22,0,309.1,359.1,4,0,3,65,0,45,0,"가방, 바지, 아우터, 패션소품",n,
Layer 1,여성 캐주얼,comoninoz,22,0,195.5,204.5,5,0,9,4,30,1,0,"가방, 바지, 아우터, 원피스/스커트, 패션소품",y,
Layer 1,캐주얼/스트리트,9999archive,22,0,581.8,654.5,4,0,80,48,0,1,0,"가방, 바지, 아우터, 패션소품",y,
Layer 1,여성 캐주얼,thegreenlab,22,0,900,68.2,5,6,164,0,28,4,0,"가방, 상의, 아우터, 원피스/스커트, 패션소품",y,
Layer 1,여성 캐주얼,rockcake,22,0,686.4,18.2,5,90,33,12,16,4,0,"가방, 바지, 상의, 아우터, 원피스/스커트",y,
Layer 1,캐주얼/스트리트,knitted,22,0,1063.6,0,3,80,121,33,0,0,0,"바지, 상의, 아우터",n,
Layer 1,캐주얼/스트리트,corrs,22,0,1313.6,0,3,43,243,3,0,0,0,"바지, 상의, 아우터",n,
Layer 1,여성 캐주얼,highschooldisco,22,0,304.5,372.7,5,5,26,0,36,25,0,"가방, 상의, 아우터, 원피스/스커트, 패션소품",y,
Layer 1,캐주얼/스트리트,nicknicole,21,0,681,352.4,4,10,133,0,0,73,0,"가방, 상의, 아우터, 패션소품",y,여성복
Layer 1,여성 캐주얼,pigment,21,0,261.9,0,4,4,18,5,28,0,0,"바지, 상의, 아우터, 원피스/스커트",n,
Layer 1,여성 캐주얼,gcut,21,0,509.5,0,3,0,6,83,18,0,0,"바지, 아우터, 원피스/스커트",y,
Layer 1,캐주얼/스트리트,oy,21,0,557.1,290.5,4,0,89,28,0,17,0,"가방, 바지, 아우터, 패션소품",y,
Layer 1,여성 캐주얼,roughneck,21,0,676.2,0,4,1,49,6,86,0,0,"바지, 상의, 아우터, 원피스/스커트",y,
Layer 1,여성 캐주얼,cornell,20,0,520,270,4,0,22,0,82,5,0,"가방, 아우터, 원피스/스커트, 패션소품",n,
Layer 1,여성 캐주얼,selfesteem,20,0,870,15,4,50,0,118,6,0,0,"바지, 상의, 원피스/스커트, 패션소품",n,
Layer 1,여성 캐주얼,painorpleasure,20,0,310,120,3,4,0,0,58,0,0,"상의, 원피스/스커트, 패션소품",y,
Layer 1,캐주얼/스트리트,anolorcode,20,0,1430,0,3,1,8,277,0,0,0,"바지, 상의, 아우터",y,
Layer 1,여성 캐주얼,luvistrue,20,0,535,205,6,2,44,15,46,3,0,"가방, 바지, 상의, 아우터, 원피스/스커트, 패션소품",y,
Layer 1,여성 캐주얼,nocontent,20,0,295,10,5,2,6,7,44,2,0,"가방, 바지, 상의, 아우터, 원피스/스커트",y,
Layer 1,캐주얼/스트리트,bhpoloclub,20,20,380,45,4,32,44,0,0,0,0,"상의, 스포츠/레저, 아우터, 패션소품",n,
Layer 1,여성 캐주얼,koleat,20,0,220,245,4,0,4,2,38,0,0,"바지, 아우터, 원피스/스커트, 패션소품",y,
Layer 1,캐주얼/스트리트,cargobrosforwomen,20,0,365,85,3,0,43,30,0,0,0,"바지, 아우터, 패션소품",n,
Layer 1,여성 캐주얼,setupexe,20,0,210,610,5,18,18,0,6,69,0,"가방, 상의, 아우터, 원피스/스커트, 패션소품",y,
Layer 1,기타,afterpray12,20,0,405,85,2,0,81,0,0,0,0,"아우터, 패션소품",y,
Layer 1,기타,blackmoment,20,0,1380,0,2,0,263,13,0,0,0,"바지, 아우터",y,
Layer 1,기타,suarewomen,20,0,775,0,2,66,89,0,0,0,0,"상의, 아우터",y,여성복
Layer 1,기타,bensimon,19,0,42.1,189.5,6,0,2,2,4,9,12,"가방, 바지, 신발, 아우터, 원피스/스커트, 패션소품",y,여성복
Layer 1,캐주얼/스트리트,tommyhilfiger,19,0,168.4,168.4,3,0,32,0,0,2,0,"가방, 아우터, 패션소품",n,
Layer 1,여성 캐주얼,wooalong,19,0,305.3,652.6,5,26,22,8,2,0,0,"바지, 상의, 아우터, 원피스/스커트, 패션소품",y,
Layer 1,캐주얼/스트리트,havism,19,0,568.4,10.5,4,83,9,16,0,2,0,"가방, 바지, 상의, 아우터",n,
Layer 1,캐주얼/스트리트,minav,19,0,378.9,700,3,64,8,0,0,133,0,"가방, 상의, 아우터",y,
Layer 1,여성 캐주얼,2000archives,19,15.8,284.2,110.5,8,20,6,26,2,17,1,"가방, 바지, 상의, 스포츠/레저, 신발, 아우터, 원피스/스커트, 패션소품",n,
Layer 1,캐주얼/스트리트,yosemite,19,0,1905.3,0,3,111,16,235,0,0,0,"바지, 상의, 아우터",n,
Layer 1,여성 캐주얼,dunstforwomen,19,0,189.5,21.1,4,1,33,0,2,0,0,"상의, 아우터, 원피스/스커트, 패션소품",y,
Layer 1,캐주얼/스트리트,markm,19,0,268.4,105.3,3,0,51,0,0,3,0,"가방, 아우터, 패션소품",y,
Layer 1,여성 캐주얼,mindbridgewomen,19,0,563.2,0,3,1,70,0,36,0,0,"상의, 아우터, 원피스/스커트",y,
Layer 1,여성 캐주얼,ganni,19,0,278.9,173.7,4,3,38,0,12,0,0,"상의, 아우터, 원피스/스커트, 패션소품",y,
Layer 1,기타,tillidie,19,0,505.3,0,1,0,96,0,0,0,0,아우터,y,여성복
Layer 1,캐주얼/스트리트,noah,18,0,111.1,433.3,4,0,20,0,0,28,3,"가방, 신발, 아우터, 패션소품",y,
Layer 1,여성 캐주얼,majournee,18,0,466.7,16.7,3,0,8,0,76,3,0,"가방, 아우터, 원피스/스커트",y,
Layer 1,캐주얼/스트리트,mahagrid,18,0,150,627.8,3,2,25,0,0,0,0,"상의, 아우터, 패션소품",y,
Layer 1,캐주얼/스트리트,gakka2,18,0,1277.8,0,3,5,18,207,0,0,0,"바지, 상의, 아우터",n,
Layer 1,여성 캐주얼,milieux,18,0,222.2,33.3,3,0,0,14,26,0,0,"바지, 원피스/스커트, 패션소품",n,
Layer 1,캐주얼/스트리트,workonbodyoff,18,0,1805.6,0,3,157,49,119,0,0,0,"바지, 상의, 아우터",y,
Layer 1,여성 캐주얼,anderssonbell,18,0,350,44.4,4,14,23,0,26,8,0,"가방, 상의, 아우터, 원피스/스커트",y,
Layer 1,여성 캐주얼,leterie,18,0,105.6,777.8,4,11,0,0,8,124,0,"가방, 상의, 원피스/스커트, 패션소품",y,
Layer 1,여성 캐주얼,mireco,18,0,600,366.7,5,53,4,3,48,0,0,"바지, 상의, 아우터, 원피스/스커트, 패션소품",y,
Layer 1,여성 캐주얼,drawfitwomen,18,0,383.3,38.9,6,6,46,1,16,5,0,"가방, 바지, 상의, 아우터, 원피스/스커트, 패션소품",y,
Layer 1,캐주얼/스트리트,kichul,17,0,582.4,258.8,4,63,17,19,0,44,0,"가방, 바지, 상의, 아우터",y,
Layer 1,캐주얼/스트리트,tngt,17,0,505.9,0,3,1,84,1,0,0,0,"바지, 상의, 아우터",n,
Layer 1,여성 캐주얼,merryon,17,0,300,11.8,5,1,19,1,30,2,0,"가방, 바지, 상의, 아우터, 원피스/스커트",y,
Layer 1,캐주얼/스트리트,noise,17,29.4,170.6,676.5,4,2,27,0,0,115,0,"가방, 상의, 스포츠/레저, 아우터",n,
Layer 1,캐주얼/스트리트,noirer,17,0,311.8,5.9,3,2,51,0,0,1,0,"가방, 상의, 아우터",y,여성복
Layer 1,캐주얼/스트리트,decoroso,17,0,1229.4,0,3,90,108,11,0,0,0,"바지, 상의, 아우터",n,
Layer 1,여성 캐주얼,wedee,17,0,288.2,0,3,0,11,32,6,0,0,"바지, 아우터, 원피스/스커트",y,
Layer 1,캐주얼/스트리트,wildbricks,17,0,376.5,552.9,4,0,58,6,0,2,0,"가방, 바지, 아우터, 패션소품",n,
Layer 1,여성 캐주얼,celebshopedition,17,0,305.9,0,3,4,30,0,18,0,0,"상의, 아우터, 원피스/스커트",n,
Layer 1,여성 캐주얼,theatg,17,0,382.4,0,3,3,48,0,14,0,0,"상의, 아우터, 원피스/스커트",y,
Layer 1,캐주얼/스트리트,machineboymachine,17,0,717.6,176.5,5,29,77,16,0,9,0,"가방, 바지, 상의, 아우터, 패션소품",n,
Layer 1,캐주얼/스트리트,intempomood,17,0,800,117.6,4,51,23,62,0,20,0,"가방, 바지, 상의, 아우터",n,
Layer 1,캐주얼/스트리트,grooverhyme,17,0,600,0,3,74,13,15,0,0,0,"바지, 상의, 아우터",y,
Layer 1,기타,urbanplayers,17,0,1211.8,11.8,2,0,206,0,0,0,0,"아우터, 패션소품",n,
Layer 1,여성 캐주얼,rense,17,0,570.6,0,4,16,13,24,44,0,0,"바지, 상의, 아우터, 원피스/스커트",y,
Layer 1,여성 캐주얼,knownbetter,17,0,558.8,0,2,0,71,0,24,0,0,"아우터, 원피스/스커트",y,
Layer 1,캐주얼/스트리트,vivastudio,17,0,352.9,5.9,4,12,42,6,0,1,0,"가방, 바지, 상의, 아우터",y,
Layer 1,기타,wvproject,17,0,852.9,0,2,16,129,0,0,0,0,"상의, 아우터",n,
Layer 1,기타,1989standard,16,0,3143.8,0,2,459,44,0,0,0,0,"상의, 아우터",n,
Layer 1,캐주얼/스트리트,fp142muji,16,0,1362.5,0,3,113,91,14,0,0,0,"바지, 상의, 아우터",n,
Layer 1,여성 캐주얼,lemontstmichel,16,0,506.3,0,2,0,79,0,2,0,0,"아우터, 원피스/스커트",y,
Layer 1,여성 캐주얼,ttudement,16,0,356.3,50,5,1,35,9,12,8,0,"가방, 바지, 상의, 아우터, 원피스/스커트",y,
Layer 1,여성 캐주얼,withoutsummer,16,0,481.3,25,5,11,7,15,44,4,0,"가방, 바지, 상의, 아우터, 원피스/스커트",y,
Layer 1,여성 캐주얼,nyxx,16,0,362.5,0,4,5,20,15,18,0,0,"바지, 상의, 아우터, 원피스/스커트",y,
Layer 1,기타,nerdy,16,0,462.5,0,1,0,74,0,0,0,0,아우터,y,스트리트워크웨어
Layer 1,여성 캐주얼,deheve,16,0,425,0,3,1,39,0,28,0,0,"상의, 아우터, 원피스/스커트",y,
Layer 1,기타,belier,16,0,225,250,2,0,36,0,0,40,0,"가방, 아우터",y,
Layer 1,여성 캐주얼,sinoon,16,0,362.5,37.5,4,0,14,6,38,0,0,"바지, 아우터, 원피스/스커트, 패션소품",y,
Layer 1,여성 캐주얼,kashiko,16,0,218.8,143.8,6,14,4,3,14,3,0,"가방, 바지, 상의, 아우터, 원피스/스커트, 패션소품",y,
Layer 1,캐주얼/스트리트,wednesdayoasis,16,0,1181.3,0,3,91,87,11,0,0,0,"바지, 상의, 아우터",n,
Layer 1,여성 캐주얼,thomasmore,16,0,1100,0,3,105,69,0,2,0,0,"상의, 아우터, 원피스/스커트",y,스트리트워크웨어
Layer 1,캐주얼/스트리트,oddstudio,16,0,562.5,287.5,4,38,26,26,0,46,0,"가방, 바지, 상의, 아우터",y,
Layer 1,캐주얼/스트리트,hoodhood,16,0,250,412.5,3,0,40,0,0,18,0,"가방, 아우터, 패션소품",y,
Layer 1,캐주얼/스트리트,untitledseoul,15,0,886.7,46.7,3,17,116,0,0,7,0,"가방, 상의, 아우터",y,
Layer 1,여성 캐주얼,odor,15,0,280,26.7,6,6,2,2,32,2,2,"가방, 바지, 상의, 신발, 아우터, 원피스/스커트",y,
Layer 1,여성 캐주얼,roompacker,15,0,280,0,3,6,28,0,8,0,0,"상의, 아우터, 원피스/스커트",n,
Layer 1,캐주얼/스트리트,gramicci,15,0,433.3,40,3,0,23,42,0,0,0,"바지, 아우터, 패션소품",y,
Layer 1,기타,bensherman,15,0,940,0,1,0,141,0,0,0,0,아우터,n,
Layer 1,여성 캐주얼,citybreeze,15,0,766.7,0,4,26,32,25,32,0,0,"바지, 상의, 아우터, 원피스/스커트",y,
Layer 1,여성 캐주얼,brighten,15,0,80,380,3,0,0,0,12,54,0,"가방, 원피스/스커트, 패션소품",y,
Layer 1,기타,sovermentwithlomort,15,0,1060,0,2,102,57,0,0,0,0,"상의, 아우터",n,
Layer 1,여성 캐주얼,lauf,15,0,226.7,1033.3,2,0,0,0,34,0,0,"원피스/스커트, 패션소품",n,
Layer 1,캐주얼/스트리트,suade,15,0,873.3,66.7,4,0,69,62,0,8,0,"가방, 바지, 아우터, 패션소품",y,
Layer 1,여성 캐주얼,mainbooth,15,0,673.3,266.7,5,22,75,0,4,11,0,"가방, 상의, 아우터, 원피스/스커트, 패션소품",y,
Layer 1,기타,placestudioman,15,0,633.3,0,2,11,84,0,0,0,0,"상의, 아우터",y,
Layer 1,여성 캐주얼,restandrecreation,15,46.7,60,106.7,5,5,0,0,4,2,0,"가방, 상의, 스포츠/레저, 원피스/스커트, 패션소품",n,
Layer 1,기타,anoetic,15,0,46.7,680,4,0,5,2,0,46,0,"가방, 바지, 아우터, 패션소품",n,가방 브랜드
Layer 1,캐주얼/스트리트,mmlg,15,6.7,180,180,6,2,23,2,0,14,0,"가방, 바지, 상의, 스포츠/레저, 아우터, 패션소품",y,
Layer 1,기타,cavish,15,0,46.7,646.7,3,0,7,0,0,16,0,"가방, 아우터, 패션소품",y,
Layer 1,여성 캐주얼,itzavibe,15,0,586.7,393.3,5,26,15,1,46,59,0,"가방, 바지, 상의, 아우터, 원피스/스커트",y,
Layer 1,캐주얼/스트리트,alvinclo,15,0,973.3,0,3,73,63,10,0,0,0,"바지, 상의, 아우터",n,
Layer 1,여성 캐주얼,raive,15,0,193.3,160,4,0,13,0,16,16,0,"가방, 아우터, 원피스/스커트, 패션소품",y,
Layer 1,기타,kinloch,15,0,466.7,0,2,0,60,10,0,0,0,"바지, 아우터",n,
Layer 1,캐주얼/스트리트,bendavis,15,0,173.3,646.7,4,0,3,23,0,52,0,"가방, 바지, 아우터, 패션소품",y,