Tier,Slug,Season_Count,RTW_Seasons,Men_Seasons,Already_Collected,Selected(Y/N),Notes
T1-Mega Luxury,prada,6,4,2,Y, y,
T1-Mega Luxury,louis-vuitton,6,4,2,Y, y,
T1-Mega Luxury,saint-laurent,6,4,2,Y, y,
T1-Mega Luxury,dolce-gabbana,6,4,2,Y, y,
T1-Mega Luxury,hermes,6,4,2,Y, y,
T1-Mega Luxury,balmain,5,4,1,Y, y,
T1-Mega Luxury,chanel,4,4,0,Y, y,
T1-Mega Luxury,fendi,4,4,0,Y, y,
T1-Mega Luxury,gucci,4,4,0,Y, y,
T1-Mega Luxury,valentino,4,4,0,Y, y,
T1-Mega Luxury,balenciaga,4,4,0,Y, y,
T1-Mega Luxury,loewe,4,4,0,Y, y,
T1-Mega Luxury,miu-miu,4,4,0,Y, y,
T1-Mega Luxury,alexander-mcqueen,4,4,0,Y, y,
T1-Mega Luxury,givenchy,3,3,0,Y, y,
T1-Mega Luxury,bottega-veneta,3,3,0,Y, y,
T1-Mega Luxury,versace,3,3,0,Y, y,
T1-Mega Luxury,celine,2,2,0,Y, y,
T2-Luxury/Independent,giorgio-armani,6,4,2,N,y,
T2-Luxury/Independent,isabel-marant,6,4,2,Y, y,
T2-Luxury/Independent,tod-s,6,4,2,N,y,
T2-Luxury/Independent,ralph-lauren,6,4,2,N,y,
T2-Luxury/Independent,brunello-cucinelli,6,4,2,N,y,
T2-Luxury/Independent,moschino,6,4,2,N,y,
T2-Luxury/Independent,rick-owens,6,4,2,Y, y,
T2-Luxury/Independent,loro-piana,6,4,2,N,y,
T2-Luxury/Independent,etro,6,4,2,N,y,
T2-Luxury/Independent,dsquared,6,4,2,N,y,
T2-Luxury/Independent,emporio-armani,5,4,1,N,n,
T2-Luxury/Independent,missoni,4,4,0,N,n,
T2-Luxury/Independent,jil-sander,4,4,0,Y, y,
T2-Luxury/Independent,zuhair-murad,4,4,0,N,y,
T2-Luxury/Independent,azzedine-alaia,4,4,0,N,y,
T2-Luxury/Independent,roberto-cavalli,4,4,0,N,y,
T2-Luxury/Independent,michael-kors-collection,4,4,0,N,y,
T2-Luxury/Independent,polo-ralph-lauren,4,4,0,N,y,
T2-Luxury/Independent,max-mara,4,4,0,Y, y,
T2-Luxury/Independent,stella-mccartney,4,4,0,Y, y,
T2-Luxury/Independent,chloe,4,4,0,Y, y,
T2-Luxury/Independent,alberta-ferretti,4,4,0,N,y,
T2-Luxury/Independent,schiaparelli,4,4,0,Y, y,
T2-Luxury/Independent,elie-saab,4,4,0,N,n,
T2-Luxury/Independent,salvatore-ferragamo,4,4,0,N,y,
T2-Luxury/Independent,marni,3,3,0,Y, y,
T3-Contemporary,uma-wang,6,4,2,N,y,
T3-Contemporary,cfcl,6,4,2,N,y,
T3-Contemporary,our-legacy,6,4,2,N,y,
T3-Contemporary,brioni,6,4,2,N,y,
T3-Contemporary,rag-bone,6,4,2,N,y,
T3-Contemporary,msgm,6,4,2,N,n,
T3-Contemporary,sacai,6,4,2,Y, y,
T3-Contemporary,christophe-lemaire,6,4,2,N,y,
T3-Contemporary,dries-van-noten,6,4,2,N,y,
T3-Contemporary,no-21,6,4,2,N,y,
T3-Contemporary,nehera,6,4,2,N,y,
T3-Contemporary,lii,6,4,2,N,y,
T3-Contemporary,acne-studios,6,4,2,Y, y,
T3-Contemporary,simone-rocha,5,4,1,N,y,
T3-Contemporary,courreges,5,4,1,N,y,
T3-Contemporary,niccolo-pasqualetti,5,4,1,N,n,
T3-Contemporary,plan-c,5,4,1,N,y,
T3-Contemporary,sandy-liang,4,4,0,N,y,
T3-Contemporary,a-w-a-k-e,4,4,0,N,y,
T3-Contemporary,off-white,4,4,0,Y, y,
T3-Contemporary,cult-gaia,4,4,0,N,n,
T3-Contemporary,zimmermann,4,4,0,N,y,
T3-Contemporary,ganni,4,4,0,N,y,
T3-Contemporary,alessandra-rich,4,4,0,N,n,
T3-Contemporary,staud,4,4,0,N,y,
T3-Contemporary,thom-browne,4,3,1,Y, y,
T3-Contemporary,ludovic-de-saint-sernin,4,4,0,N,y,
T3-Contemporary,nanushka,4,4,0,N,y,
T3-Contemporary,coperni,3,3,0,Y, y,
T3-Contemporary,jacquemus,3,3,0,N,y,
T3-Contemporary,marine-serre,3,2,1,Y, y,
T3-Contemporary,wales-bonner,3,1,2,Y, y,
T3-Contemporary,rokh,2,2,0,Y, y,
T3-Contemporary,peter-do,1,1,0,Y, y,
T4-Japanese,yohji-yamamoto,6,4,2,Y, y,
T4-Japanese,junya-watanabe,6,4,2,Y, y,
T4-Japanese,kiko-kostadinov,6,4,2,N,y,
T4-Japanese,undercover,6,4,2,N,y,
T4-Japanese,noir-kei-ninomiya,4,4,0,N,n,
T4-Japanese,comme-des-garcons,4,4,0,Y, y,
T4-Japanese,issey-miyake,4,4,0,Y, y,
T4-Japanese,toga,4,4,0,N,y,
T4-Japanese,kenzo,3,1,2,Y, y,
T5-Korean/Asian,cong-tri,4,4,0,N,n,
T5-Korean/Asian,wooyoungmi,2,0,2,Y, y,
T6-Emerging,conner-ives,4,4,0,N,n,
T6-Emerging,charlotte-knowles,4,4,0,N,n,
T6-Emerging,jawara-alleyne,4,4,0,N,n,
T6-Emerging,fashion-east,4,4,0,N,n,
T6-Emerging,melitta-baumeister,4,4,0,N,n,
T6-Emerging,di-petsa,4,4,0,N,n,
T6-Emerging,16arlington,3,3,0,N,n,
T6-Emerging,duran-lantink,2,2,0,N,n,
T6-Emerging,nensi-dojaka,1,1,0,N,n,
T7-Regular,patou,4,4,0,N,,
T7-Regular,luisa-spagnoli,4,4,0,N,,
T7-Regular,sc103,4,4,0,N,,
T7-Regular,karoline-vitto,4,4,0,N,,
T7-Regular,vaquera,4,4,0,N,,
T7-Regular,alejandra-alonso-rojas,4,4,0,N,,
T7-Regular,erdem,4,4,0,N,,
T7-Regular,sportmax,4,4,0,N,,
T7-Regular,mossi,4,4,0,N,,
T7-Regular,petar-petrov,4,4,0,N,,
T7-Regular,diane-von-furstenberg,4,4,0,N,,
T7-Regular,r13,4,4,0,N,,
T7-Regular,veronica-beard,4,4,0,N,,
T7-Regular,abra,4,4,0,N,,
T7-Regular,mm6-maison-martin-margiela,4,4,0,N,y,
T7-Regular,greta-constantine,4,4,0,N,,
T7-Regular,reem-acra,4,4,0,N,,
T7-Regular,tanner-fletcher,4,4,0,N,,
T7-Regular,shiatzy-chen,4,4,0,N,,
T7-Regular,christian-wijnants,4,4,0,N,,
T7-Regular,nellie-partow,4,4,0,N,,
T7-Regular,luisa-beccaria,4,4,0,N,,
T7-Regular,brandon-maxwell,4,4,0,N,,
T7-Regular,european-culture,4,4,0,N,,
T7-Regular,edeline-lee,4,4,0,N,,
T7-Regular,christian-dior,4,4,0,N,y,
T7-Regular,hui,4,4,0,N,,
T7-Regular,laquan-smith,4,4,0,N,,
T7-Regular,proenza-schouler,4,4,0,N,,
T7-Regular,ann-demeulemeester,4,4,0,N,,
T7-Regular,a-l-c,4,4,0,N,,
T7-Regular,snow-xue-gao,4,4,0,N,,
T7-Regular,charlie-constantinou,4,4,0,N,,
T7-Regular,dusan,4,4,0,N,,
T7-Regular,loveshackfancy,4,4,0,N,,
T7-Regular,lela-rose,4,4,0,N,,
T7-Regular,christopher-esber,4,4,0,N,,
T7-Regular,kim-shui,4,4,0,N,,
T7-Regular,rentrayage,4,4,0,N,,
T7-Regular,jonathan-simkhai,4,4,0,N,,
T7-Regular,gauchere,4,4,0,N,,
T7-Regular,christian-cowan,4,4,0,N,,
T7-Regular,ermanno-scervino,4,4,0,N,,
T7-Regular,institut-francais-de-la-mode,4,4,0,N,,
T7-Regular,pauline-dujancourt,4,4,0,N,,
T7-Regular,nina-ricci,4,4,0,N,,
T7-Regular,zankov,4,4,0,N,,
T7-Regular,co,4,4,0,N,,
T7-Regular,emilia-wickstead,4,4,0,N,,
T7-Regular,altuzarra,4,4,0,N,,
T7-Regular,3-1-phillip-lim,4,4,0,N,y,
T7-Regular,andreas-kronthaler-for-vivienne-westwood,4,4,0,N,,
T7-Regular,eckhaus-latta,4,4,0,N,,
T7-Regular,monique-lhuillier,4,4,0,N,,
T7-Regular,avavav,4,4,0,N,,
T7-Regular,jane-wade,4,4,0,N,,
T7-Regular,anrealage,4,4,0,N,,
T7-Regular,anna-october,4,4,0,N,,
T7-Regular,campillo,4,4,0,N,,
T7-Regular,adam-lippes,4,4,0,N,,
T7-Regular,nomia,4,4,0,N,,
T7-Regular,chopova-lowena,4,4,0,N,,
T7-Regular,antonio-marras,4,4,0,N,,
T7-Regular,zoe-gustavia-anna-whalen,4,4,0,N,,
T7-Regular,donna-karan,4,4,0,N,,
T7-Regular,hope-for-flowers,4,4,0,N,,
T7-Regular,ashish,4,4,0,N,,
T7-Regular,marco-rambaldi,4,4,0,N,,
T7-Regular,row,4,3,1,N,,
T7-Regular,sea,4,4,0,N,,
T7-Regular,rachel-comey,4,4,0,N,,
T7-Regular,sally-lapointe,4,4,0,N,,
T7-Regular,duro-olowu,4,4,0,N,,
T7-Regular,tanya-taylor,4,4,0,N,,
T7-Regular,ulla-johnson,4,4,0,N,,
T7-Regular,nihl,4,4,0,N,,
T7-Regular,lanvin,4,3,1,N,,
T7-Regular,toteme,4,4,0,N,y,
T7-Regular,commission,4,4,0,N,,
T7-Regular,elena-velez,4,4,0,N,,
T7-Regular,norma-kamali,4,4,0,N,,
T7-Regular,alainpaul,4,4,0,N,,
T7-Regular,philipp-plein,4,4,0,N,y,
T7-Regular,bora-aksu,4,4,0,N,,
T7-Regular,kallmeyer,4,4,0,N,,
T7-Regular,caroline-hu,4,4,0,N,,
T7-Regular,labrum-london,4,4,0,N,,
T7-Regular,ahluwalia-studio,4,4,0,N,,
T7-Regular,hodakova,4,4,0,N,,
T7-Regular,kent-and-curwen,4,4,0,N,,
T7-Regular,margaret-howell,4,4,0,N,,
T7-Regular,marie-adam-leenaerdt,4,4,0,N,,
T7-Regular,rahul-mishra-afew,4,4,0,N,,
T7-Regular,cinq-a-sept,4,4,0,N,,
T7-Regular,lafayette-148,4,4,0,N,,
T7-Regular,libertine,4,4,0,N,,
T7-Regular,temperley-london,4,4,0,N,,
T7-Regular,ashley-williams,4,4,0,N,,
T7-Regular,herve-leger,4,4,0,N,,
T7-Regular,nili-lotan,4,4,0,N,,
T7-Regular,burberry-prorsum,4,4,0,N,,
T7-Regular,palmerharding,4,4,0,N,,
T7-Regular,anteprima,4,4,0,N,,
T7-Regular,markarian,4,4,0,N,,
T7-Regular,victoria-beckham,4,4,0,N,,
T7-Regular,mira-mikati,4,4,0,N,,
T7-Regular,akris,4,4,0,N,,
T7-Regular,khaite,4,4,0,N,,
T7-Regular,christian-siriano,4,4,0,N,,
T7-Regular,monse,4,4,0,N,,
T7-Regular,marina-moscone,4,4,0,N,,
T7-Regular,paco-rabanne,4,4,0,N,,
T7-Regular,roksanda,4,4,0,N,,
T7-Regular,6397,4,4,0,N,,
T7-Regular,mame-kurogouchi,4,4,0,N,,
T7-Regular,genny,4,4,0,N,,
T7-Regular,vivienne-westwood,4,3,1,N,,
T7-Regular,ottolinger,4,4,0,N,,
T7-Regular,blumarine,4,4,0,N,,
T7-Regular,colleen-allen,4,4,0,N,,
T7-Regular,ashlyn,4,4,0,N,,
T7-Regular,kate-barton,4,4,0,N,,
T7-Regular,bibhu-mohapatra,4,4,0,N,,
T7-Regular,theory,4,3,1,N,,
T7-Regular,all-in,4,4,0,N,,
T7-Regular,bevza,4,4,0,N,,
T7-Regular,lauren-manoogian,4,4,0,N,,
T7-Regular,coach,4,4,0,N,,
T7-Regular,maria-mcmanus,4,4,0,N,,
T7-Regular,tom-ford,4,4,0,N,,
T7-Regular,tove,4,4,0,N,,
T7-Regular,self-portrait,4,4,0,N,,
T7-Regular,david-koma,4,4,0,N,,
T7-Regular,gabriela-hearst,4,4,0,N,,
T7-Regular,lacoste,4,4,0,N,,
T7-Regular,maxhosa,4,4,0,N,,
T7-Regular,anna-sui,4,4,0,N,,
T7-Regular,diotima,4,4,0,N,,
T7-Regular,rodarte,4,4,0,N,,
T7-Regular,zomer,4,4,0,N,,
T7-Regular,naeem-khan,4,4,0,N,,
T7-Regular,ferrari,4,4,0,N,,
T7-Regular,huishan-zhang,4,4,0,N,,
T7-Regular,natasha-zinko,4,4,0,N,,
T7-Regular,prabal-gurung,4,4,0,N,,
T7-Regular,collina-strada,4,4,0,N,,
T7-Regular,frederick-anderson,4,4,0,N,,
T7-Regular,la-doublej,4,4,0,N,,
T7-Regular,giovanna-flores,4,4,0,N,,
T7-Regular,tokyo-james,4,4,0,N,,
T7-Regular,jenny-packham,4,4,0,N,,
T7-Regular,bode,4,4,0,N,,
T7-Regular,sergio-hudson,4,4,0,N,,
T7-Regular,ph5,4,4,0,N,,
T7-Regular,carven,4,4,0,N,,
T7-Regular,johanna-parv,4,4,0,N,,
T7-Regular,maccapani,4,4,0,N,,
T7-Regular,tory-burch,4,4,0,N,,
T7-Regular,richard-quinn,4,4,0,N,,
T7-Regular,alice-olivia,4,4,0,N,,
T7-Regular,tolu-coker,4,4,0,N,,
T7-Regular,diesel,4,4,0,N,,
T7-Regular,cecilie-bahnsen,4,4,0,N,,
T7-Regular,carolina-herrera,4,4,0,N,,
T7-Regular,harris-reed,4,4,0,N,,
T7-Regular,tibi,4,4,0,N,,
T7-Regular,romeo-hunte,4,4,0,N,,
T7-Regular,sharon-wauchob,4,4,0,N,,
T7-Regular,batsheva,3,3,0,N,,
T7-Regular,christopher-john-rogers,3,3,0,N,,
T7-Regular,rvng-couture,3,3,0,N,,
T7-Regular,mithridate,3,3,0,N,,
T7-Regular,fforme,3,3,0,N,,
T7-Regular,barbara-tfank,3,3,0,N,,
T7-Regular,theophilio,3,3,0,N,,
T7-Regular,casablanca,3,3,0,N,,
T7-Regular,torisheju,3,3,0,N,,
T7-Regular,adeam,3,3,0,N,,
T7-Regular,magda-butrym,3,3,0,N,,
T7-Regular,dagmar,3,3,0,N,,
T7-Regular,sanderlak,3,1,2,N,,
T7-Regular,yigal-azrouel,3,3,0,N,,
T7-Regular,simon-miller,3,3,0,N,,
T7-Regular,attico,3,3,0,N,,
T7-Regular,cos,3,3,0,N,,
T7-Regular,nells-nelson,3,3,0,N,,
T7-Regular,paolo-carzana,3,3,0,N,,
T7-Regular,onitsuka-tiger,3,3,0,N,,
T7-Regular,twp,3,3,0,N,,
T7-Regular,bach-mai,3,3,0,N,,
T7-Regular,atxv,3,3,0,N,,
T7-Regular,kith,3,2,1,N,,
T7-Regular,luar,3,3,0,N,,
T7-Regular,marc-jacobs,3,3,0,N,,
T7-Regular,heirlome,3,3,0,N,,
T7-Regular,xulybet,3,3,0,N,,
T7-Regular,5000,3,3,0,N,,
T7-Regular,mark-fast,3,3,0,N,,
T7-Regular,stein,3,2,1,N,,
T7-Regular,agl,3,3,0,N,,
T7-Regular,paolina-russo,3,3,0,N,,
T7-Regular,tagliatore,3,3,0,N,,
T7-Regular,durazzi,3,3,0,N,,
T7-Regular,talia-byre,3,3,0,N,,
T7-Regular,fear-of-god,3,2,1,N,,
T7-Regular,ambush,3,3,0,N,,
T7-Regular,gcds,3,3,0,N,,
T7-Regular,annakiki,3,3,0,N,,
T7-Regular,johanna-ortiz,3,3,0,N,,
T7-Regular,gypsy-sport,3,3,0,N,,
T7-Regular,elisabetta-franchi,3,3,0,N,,
T7-Regular,renaissance-renaissance,3,3,0,N,,
T7-Regular,julie-kegels,3,3,0,N,,
T7-Regular,meryll-rogge,3,3,0,N,,
T7-Regular,burc-akyol,3,3,0,N,,
T7-Regular,private-policy,3,3,0,N,,
T7-Regular,giambattista-valli,3,3,0,N,,
T7-Regular,mugler,3,3,0,N,,
T7-Regular,hugo-boss,3,3,0,N,,
T7-Regular,paula-canovas-del-vas,3,3,0,N,,
T7-Regular,priscavera,3,3,0,N,,
T7-Regular,bcbg-max-azria,3,3,0,N,,
T7-Regular,veronique-leroy,3,3,0,N,,
T7-Regular,sunnei,3,3,0,N,,
T7-Regular,calvin-klein-collection,3,3,0,N,,
T7-Regular,fashion-institute-of-technology,3,3,0,N,,
T7-Regular,alexander-wang,3,3,0,N,,
T7-Regular,yuhan-wang,3,3,0,N,,
T7-Regular,ponte,3,3,0,N,,
T7-Regular,arthur-arbesser,3,3,0,N,,
T7-Regular,marques-almeida,3,3,0,N,,
T7-Regular,palomo-spain,3,3,0,N,,
T7-Regular,jason-wu,3,3,0,N,,
T7-Regular,viktor-rolf,3,3,0,N,,
T7-Regular,armarium,3,3,0,N,,
T7-Regular,stella-jean,3,3,0,N,,
T7-Regular,luis-de-javier,3,3,0,N,,
T7-Regular,matieres-fecales,3,3,0,N,,
T7-Regular,bite-studios,3,3,0,N,,
T7-Regular,enfants-riches-deprimes,3,3,0,N,,
T7-Regular,edward-cuming,3,2,1,N,,
T7-Regular,for-restless-sleepers,3,3,0,N,,
T7-Regular,chet-lo,3,3,0,N,,
T7-Regular,masha-popova,3,3,0,N,,
T7-Regular,pronounce,3,1,2,N,,
T7-Regular,rue-agthonis,3,3,0,N,,
T7-Regular,apotts,3,3,0,N,,
T7-Regular,steve-o-smith,3,3,0,N,,
T7-Regular,bally,3,2,1,N,,
T7-Regular,willy-chavarria,3,1,2,N,,
T7-Regular,umit-benan,3,1,2,N,,
T8-Minor,grace-ling,2,2,0,N,,
T8-Minor,who-decides-war,2,2,0,N,,
T8-Minor,patrick-mcdowell,2,2,0,N,,
T8-Minor,cynthia-rowley,2,2,0,N,,
T8-Minor,aaron-esh,2,2,0,N,,
T8-Minor,wiederhoeft,2,2,0,N,,
T8-Minor,stefan-cooke,2,2,0,N,,
T8-Minor,hm,2,2,0,N,,
T8-Minor,aletta,2,2,0,N,,
T8-Minor,yaku,2,2,0,N,,
T8-Minor,shuting-qiu,2,2,0,N,,
T8-Minor,maison-martin-margiela,2,2,0,N,,
T8-Minor,mains,2,2,0,N,,
T8-Minor,parsons-mfa,2,2,0,N,,
T8-Minor,susan-fang,2,2,0,N,,
T8-Minor,antonio-grimaldi,2,2,0,N,,
T8-Minor,eudon-choi,2,2,0,N,,
T8-Minor,lee-mathews,2,2,0,N,,
T8-Minor,francesco-murano,2,2,0,N,,
T8-Minor,dilara-findikoglu,2,2,0,N,,
T8-Minor,vetements,2,2,0,N,,
T8-Minor,bronx-and-banco,2,2,0,N,,
T8-Minor,pamella-roland,2,2,0,N,,
T8-Minor,attersee,2,2,0,N,,
T8-Minor,ardazaei,2,2,0,N,,
T8-Minor,jean-paul-gaultier,2,2,0,N,,
T8-Minor,institution-by-galib-gassanoff,2,2,0,N,,
T8-Minor,sachin-babi,2,2,0,N,,
T8-Minor,raquel-diniz,2,2,0,N,,
T8-Minor,area,2,2,0,N,,
T8-Minor,rory-william-docherty,2,2,0,N,,
T8-Minor,giuseppe-di-morabito,2,2,0,N,,
T8-Minor,moncler-grenoble,2,2,0,N,,
T8-Minor,tommy-hilfiger,2,2,0,N,,
T8-Minor,danielle-frankel,2,2,0,N,,
T8-Minor,phoebe-english,2,2,0,N,,
T8-Minor,london-college-of-fashion,2,2,0,N,,
T8-Minor,central-saint-martins,2,2,0,N,,
T8-Minor,j-w-anderson,2,2,0,N,,
T8-Minor,kidsuper,2,0,2,N,,
T8-Minor,masu,2,0,2,N,,
T8-Minor,mfpen,2,1,1,N,,
T8-Minor,todd-snyder,2,0,2,N,,
T8-Minor,erl,2,0,2,N,,
T8-Minor,ami,2,0,2,N,,
T8-Minor,canali,2,0,2,N,,
T8-Minor,tiger-of-sweden,2,1,1,N,,
T8-Minor,ernest-w-baker,2,0,2,N,,
T8-Minor,engineered-garments,2,0,2,N,,
T8-Minor,lgn-louis-gabriel-nouchi,2,0,2,N,,
T8-Minor,white-mountaineering,2,0,2,N,,
T8-Minor,aubero,2,0,2,N,,
T8-Minor,walter-van-beirendonck,2,0,2,N,,
T8-Minor,ermenegildo-zegna,2,0,2,N,,
T8-Minor,luu-dan,2,0,2,N,,
T8-Minor,auralee,2,0,2,N,,
T8-Minor,dior-homme,2,0,2,N,,
T8-Minor,saul-nash,2,0,2,N,,
T8-Minor,songzio,2,0,2,N,,
T8-Minor,3paradis,2,0,2,N,,
T8-Minor,comme-des-garcons-homme-plus,2,0,2,N,,
T8-Minor,comme-des-garcons-shirt,2,0,2,N,,
T8-Minor,n-hoolywood,2,0,2,N,,
T8-Minor,doublet,2,0,2,N,,
T8-Minor,etudes,2,0,2,N,,
T8-Minor,im-men,2,0,2,N,,
T8-Minor,rhude,2,0,2,N,,
T8-Minor,tommy-hilfiger-new-york,2,0,2,N,,
T8-Minor,setchu,2,0,2,N,,
T8-Minor,john-alexander-skelton,2,0,2,N,,
T8-Minor,mordecai,2,0,2,N,,
T8-Minor,amiri,2,0,2,N,,
T8-Minor,y-3,2,0,2,N,,
T8-Minor,bluemarble,2,0,2,N,,
T8-Minor,berluti,2,0,2,N,,
T8-Minor,martine-rose,2,0,2,N,,
T8-Minor,maison-mihara-yasuhiro,2,0,2,N,,
T8-Minor,egonlab,2,0,2,N,,
T8-Minor,kolor,2,0,2,N,,
T8-Minor,dunhill,2,0,2,N,,
T8-Minor,kartik-research,2,0,2,N,,
T8-Minor,charles-jeffrey-loverboy,2,0,2,N,,
T8-Minor,officine-generale,2,0,2,N,,
T8-Minor,denzil-patrick,2,0,2,N,,
T8-Minor,paul-smith,2,0,2,N,,
T8-Minor,brett-johnson,2,0,2,N,,
T8-Minor,lazoschmidl,2,0,2,N,,
T8-Minor,bed-jw-ford,2,0,2,N,,
T8-Minor,hed-mayner,2,0,2,N,,
T8-Minor,derrick,2,0,2,N,,
T8-Minor,feng-chen-wang,2,0,2,N,,
T8-Minor,magliano,2,0,2,N,,
T8-Minor,callas-milano,2,2,0,N,,
T8-Minor,natan,2,2,0,N,,
T8-Minor,rosetta-getty,2,2,0,N,,
T8-Minor,kozaburo,2,2,0,N,,
T8-Minor,anonlychild,2,2,0,N,,
T8-Minor,eenk,2,2,0,N,,
T8-Minor,rochas,2,2,0,N,,
T8-Minor,holzweiler,2,2,0,N,,
T8-Minor,by-malene-birger,2,2,0,N,,
T8-Minor,maison-rabih-kayrouz,2,2,0,N,,
T8-Minor,jonathan-cohen,2,2,0,N,,
T8-Minor,puppets-and-puppets,2,2,0,N,,
T8-Minor,emilio-pucci,2,2,0,N,,
T8-Minor,atlein,2,2,0,N,,
T8-Minor,maryam-nassir-zadeh,2,2,0,N,,
T8-Minor,rave-review,2,2,0,N,,
T8-Minor,rachel-antonoff,2,2,0,N,,
T8-Minor,feben,2,2,0,N,,
T8-Minor,teurn,2,2,0,N,,
T8-Minor,vivetta,2,2,0,N,,
T8-Minor,lutz-huelle,2,2,0,N,,
T8-Minor,badgley-mischka,2,2,0,N,,
T8-Minor,andreadamo,2,2,0,N,,
T8-Minor,ss-daley,2,2,0,N,,
T8-Minor,francesco-biasia,1,1,0,N,,
T8-Minor,the-label-edition,1,1,0,N,,
T8-Minor,vogue-world,1,1,0,N,,
T8-Minor,head-of-state,1,1,0,N,,
T8-Minor,baro-lucas,1,1,0,N,,
T8-Minor,mary-katrantzou,1,1,0,N,,
T8-Minor,claro-couture,1,1,0,N,,
T8-Minor,simorra,1,1,0,N,,
T8-Minor,avenir,1,1,0,N,,
T8-Minor,bosideng,1,1,0,N,,
T8-Minor,tomo-koizumi,1,1,0,N,,
T8-Minor,house-of-aama,1,1,0,N,,
T8-Minor,meruert-tolegen,1,1,0,N,,
T8-Minor,7-for-all-mankind,1,1,0,N,,
T8-Minor,petra-fagerstrom,1,1,0,N,,
T8-Minor,act-no-1,1,1,0,N,,
T8-Minor,joseph,1,1,0,N,,
T8-Minor,zadig-voltaire,1,1,0,N,,
T8-Minor,thevxlley,1,1,0,N,,
T8-Minor,fila,1,1,0,N,,
T8-Minor,tiscar-espadas,1,1,0,N,,
T8-Minor,the-frankie-shop,1,1,0,N,,
T8-Minor,oscar-ouyang,1,1,0,N,,
T8-Minor,craig-green,1,0,1,N,,
T8-Minor,032c,1,0,1,N,,
T8-Minor,duckie-brown,1,0,1,N,,
T8-Minor,reese-cooper,1,0,1,N,,
T8-Minor,sr-a,1,0,1,N,,
T8-Minor,nhoolywood-test-product-exchange-service,1,0,1,N,,
T8-Minor,public-school,1,0,1,N,,
T8-Minor,shinyakozuka,1,0,1,N,,
T8-Minor,nahmias,1,0,1,N,,
T8-Minor,rolf-ekroth,1,0,1,N,,
T8-Minor,soshiotsuki,1,0,1,N,,
T8-Minor,bode-rec,1,1,0,N,,
T8-Minor,philosophy,1,1,0,N,,
T8-Minor,zero-maria-cornejo,1,1,0,N,,
T8-Minor,eytys,1,1,0,N,,
T8-Minor,self-portrait-residency,1,1,0,N,,
T8-Minor,alexis-mabille,1,1,0,N,,
T8-Minor,jitrois,1,1,0,N,,
T8-Minor,connor-mcknight,1,1,0,N,,
T8-Minor,heliot-emil,1,1,0,N,,
T8-Minor,raquel-allegra,1,1,0,N,,
T8-Minor,odissi,1,1,0,N,,
T8-Minor,k-krizia,1,1,0,N,,
T8-Minor,lorena-antoniazzi,1,1,0,N,,
T8-Minor,standing-ground,1,1,0,N,,
T8-Minor,st-john,1,1,0,N,,
T8-Minor,derek-lam-10-crosby,1,1,0,N,,
T8-Minor,maje,1,1,0,N,,
T8-Minor,sebastien-ami,1,1,0,N,,
T8-Minor,harbison,1,1,0,N,,
T8-Minor,ester-manas,1,1,0,N,,
T8-Minor,maisie-wilen,1,1,0,N,,
T8-Minor,sixdo,1,1,0,N,,
T8-Minor,chocheng,1,1,0,N,,
T8-Minor,marchesa,1,1,0,N,,
T8-Minor,gauntlett-cheng,1,1,0,N,,
T8-Minor,salon-1884,1,1,0,N,,
T8-Minor,filippa-k,1,1,0,N,,
T8-Minor,mowalola,1,1,0,N,,
T8-Minor,maison-common,1,1,0,N,,
T8-Minor,del-core,1,1,0,N,,
T8-Minor,iro,1,1,0,N,,
T8-Minor,vince,1,1,0,N,,
T8-Minor,elder-statesman,1,1,0,N,,
T8-Minor,roland-mouret,1,1,0,N,,
T8-Minor,roisin-pierce,1,1,0,N,,
T8-Minor,rhode-island-school-of-design,1,1,0,N,,
T8-Minor,max-mara-atelier,1,1,0,N,,
T8-Minor,sinead-odwyer,1,1,0,N,,
T8-Minor,central-saint-martins-ba,1,1,0,N,,
T8-Minor,la-cambre,1,1,0,N,,
T8-Minor,parsons-bfa,1,1,0,N,,
T8-Minor,atelier-prabal-gurung,1,1,0,N,,
T8-Minor,andrea-mary-marshall,1,1,0,N,,
T8-Minor,pratt-institute,1,1,0,N,,
T8-Minor,savannah-college-of-art-and-design,1,1,0,N,,
T8-Minor,rains,1,1,0,N,,
T8-Minor,matty-bovan,1,1,0,N,,
T8-Minor,stand,1,1,0,N,,